profile_id,stocks_allocation,bonds_allocation,real_estate_allocation,commodities_allocation,crypto_allocation,cash_allocation,risk_level
1,0.4695,0.3569,0.1285,0.0357,0.0094,0,Medium
2,0.4695,0.3569,0.1285,0.0357,0.0094,0,Medium
3,0.8934,0.0,0.0015,0.0026,0.1024,0,Very High
4,0.4695,0.3569,0.1285,0.0357,0.0094,0,Medium
5,0.8934,0.0,0.0015,0.0026,0.1024,0,Very High
6,0.4695,0.3569,0.1285,0.0357,0.0094,0,Medium
7,0.8934,0.0,0.0015,0.0026,0.1024,0,Very High
8,0.8934,0.0,0.0015,0.0026,0.1024,0,Very High
9,0.8934,0.0,0.0015,0.0026,0.1024,0,Very High
10,0.8934,0.0,0.0015,0.0026,0.1024,0,Very High
11,0.3265,0.3475,0.2915,0.0,0.0346,0,Very Low
12,0.8934,0.0,0.0015,0.0026,0.1024,0,Very High
13,0.3265,0.3475,0.2915,0.0,0.0346,0,Very Low
14,0.4695,0.3569,0.1285,0.0357,0.0094,0,Medium
15,0.8934,0.0,0.0015,0.0026,0.1024,0,Very High
16,0.4695,0.3569,0.1285,0.0357,0.0094,0,Medium
17,0.8934,0.0,0.0015,0.0026,0.1024,0,Very High
18,0.8934,0.0,0.0015,0.0026,0.1024,0,Very High
19,0.4695,0.3569,0.1285,0.0357,0.0094,0,Medium
20,0.3265,0.3475,0.2915,0.0,0.0346,0,Very Low
21,0.4695,0.3569,0.1285,0.0357,0.0094,0,Medium
22,0.3265,0.3475,0.2915,0.0,0.0346,0,Very Low
23,0.8934,0.0,0.0015,0.0026,0.1024,0,Very High
24,0.8934,0.0,0.0015,0.0026,0.1024,0,Very High
25,0.4695,0.3569,0.1285,0.0357,0.0094,0,Medium
26,0.3265,0.3475,0.2915,0.0,0.0346,0,Very Low
27,0.3265,0.3475,0.2915,0.0,0.0346,0,Very Low
28,0.8934,0.0,0.0015,0.0026,0.1024,0,Very High
29,0.4695,0.3569,0.1285,0.0357,0.0094,0,Medium
30,0.3265,0.3475,0.2915,0.0,0.0346,0,Very Low
31,0.8934,0.0,0.0015,0.0026,0.1024,0,Very High
32,0.3265,0.3475,0.2915,0.0,0.0346,0,Very Low
33,0.8934,0.0,0.0015,0.0026,0.1024,0,Very High
34,0.4695,0.3569,0.1285,0.0357,0.0094,0,Medium
35,0.4695,0.3569,0.1285,0.0357,0.0094,0,Medium
36,0.3265,0.3475,0.2915,0.0,0.0346,0,Very Low
37,0.8934,0.0,0.0015,0.0026,0.1024,0,Very High
38,0.4695,0.3569,0.1285,0.0357,0.0094,0,Medium
39,0.8934,0.0,0.0015,0.0026,0.1024,0,Very High
40,0.8934,0.0,0.0015,0.0026,0.1024,0,Very High
41,0.3265,0.3475,0.2915,0.0,0.0346,0,Very Low
42,0.4695,0.3569,0.1285,0.0357,0.0094,0,Medium
43,0.8934,0.0,0.0015,0.0026,0.1024,0,Very High
44,0.8934,0.0,0.0015,0.0026,0.1024,0,Very High
45,0.8934,0.0,0.0015,0.0026,0.1024,0,Very High
46,0.4695,0.3569,0.1285,0.0357,0.0094,0,Medium
47,0.8934,0.0,0.0015,0.0026,0.1024,0,Very High
48,0.8934,0.0,0.0015,0.0026,0.1024,0,Very High
49,0.8934,0.0,0.0015,0.0026,0.1024,0,Very High
50,0.3265,0.3475,0.2915,0.0,0.0346,0,Very Low
51,0.3265,0.3475,0.2915,0.0,0.0346,0,Very Low
52,0.3265,0.3475,0.2915,0.0,0.0346,0,Very Low
53,0.4695,0.3569,0.1285,0.0357,0.0094,0,Medium
54,0.3265,0.3475,0.2915,0.0,0.0346,0,Very Low
55,0.4695,0.3569,0.1285,0.0357,0.0094,0,Medium
56,0.4695,0.3569,0.1285,0.0357,0.0094,0,Medium
57,0.8934,0.0,0.0015,0.0026,0.1024,0,Very High
58,0.4695,0.3569,0.1285,0.0357,0.0094,0,Medium
59,0.3265,0.3475,0.2915,0.0,0.0346,0,Very Low
60,0.3265,0.3475,0.2915,0.0,0.0346,0,Very Low
61,0.3265,0.3475,0.2915,0.0,0.0346,0,Very Low
62,0.4695,0.3569,0.1285,0.0357,0.0094,0,Medium
63,0.4695,0.3569,0.1285,0.0357,0.0094,0,Medium
64,0.4695,0.3569,0.1285,0.0357,0.0094,0,Medium
65,0.8934,0.0,0.0015,0.0026,0.1024,0,Very High
66,0.8934,0.0,0.0015,0.0026,0.1024,0,Very High
67,0.3265,0.3475,0.2915,0.0,0.0346,0,Very Low
68,0.4695,0.3569,0.1285,0.0357,0.0094,0,Medium
69,0.3265,0.3475,0.2915,0.0,0.0346,0,Very Low
70,0.8934,0.0,0.0015,0.0026,0.1024,0,Very High
71,0.8934,0.0,0.0015,0.0026,0.1024,0,Very High
72,0.3265,0.3475,0.2915,0.0,0.0346,0,Very Low
73,0.3265,0.3475,0.2915,0.0,0.0346,0,Very Low
74,0.8934,0.0,0.0015,0.0026,0.1024,0,Very High
75,0.8934,0.0,0.0015,0.0026,0.1024,0,Very High
76,0.4695,0.3569,0.1285,0.0357,0.0094,0,Medium
77,0.8934,0.0,0.0015,0.0026,0.1024,0,Very High
78,0.8934,0.0,0.0015,0.0026,0.1024,0,Very High
79,0.3265,0.3475,0.2915,0.0,0.0346,0,Very Low
80,0.8934,0.0,0.0015,0.0026,0.1024,0,Very High
81,0.4695,0.3569,0.1285,0.0357,0.0094,0,Medium
82,0.3265,0.3475,0.2915,0.0,0.0346,0,Very Low
83,0.3265,0.3475,0.2915,0.0,0.0346,0,Very Low
84,0.8934,0.0,0.0015,0.0026,0.1024,0,Very High
85,0.3265,0.3475,0.2915,0.0,0.0346,0,Very Low
86,0.3265,0.3475,0.2915,0.0,0.0346,0,Very Low
87,0.8934,0.0,0.0015,0.0026,0.1024,0,Very High
88,0.3265,0.3475,0.2915,0.0,0.0346,0,Very Low
89,0.8934,0.0,0.0015,0.0026,0.1024,0,Very High
90,0.8934,0.0,0.0015,0.0026,0.1024,0,Very High
91,0.4695,0.3569,0.1285,0.0357,0.0094,0,Medium
92,0.8934,0.0,0.0015,0.0026,0.1024,0,Very High
93,0.8934,0.0,0.0015,0.0026,0.1024,0,Very High
94,0.8934,0.0,0.0015,0.0026,0.1024,0,Very High
95,0.8934,0.0,0.0015,0.0026,0.1024,0,Very High
96,0.8934,0.0,0.0015,0.0026,0.1024,0,Very High
97,0.8934,0.0,0.0015,0.0026,0.1024,0,Very High
98,0.3265,0.3475,0.2915,0.0,0.0346,0,Very Low
99,0.3265,0.3475,0.2915,0.0,0.0346,0,Very Low
100,0.8934,0.0,0.0015,0.0026,0.1024,0,Very High
101,0.4695,0.3569,0.1285,0.0357,0.0094,0,Medium
102,0.3265,0.3475,0.2915,0.0,0.0346,0,Very Low
103,0.3265,0.3475,0.2915,0.0,0.0346,0,Very Low
104,0.8934,0.0,0.0015,0.0026,0.1024,0,Very High
105,0.4695,0.3569,0.1285,0.0357,0.0094,0,Medium
106,0.8934,0.0,0.0015,0.0026,0.1024,0,Very High
107,0.4695,0.3569,0.1285,0.0357,0.0094,0,Medium
108,0.8934,0.0,0.0015,0.0026,0.1024,0,Very High
109,0.8934,0.0,0.0015,0.0026,0.1024,0,Very High
110,0.8934,0.0,0.0015,0.0026,0.1024,0,Very High
111,0.8934,0.0,0.0015,0.0026,0.1024,0,Very High
112,0.4695,0.3569,0.1285,0.0357,0.0094,0,Medium
113,0.3265,0.3475,0.2915,0.0,0.0346,0,Very Low
114,0.8934,0.0,0.0015,0.0026,0.1024,0,Very High
115,0.3265,0.3475,0.2915,0.0,0.0346,0,Very Low
116,0.3265,0.3475,0.2915,0.0,0.0346,0,Very Low
117,0.8934,0.0,0.0015,0.0026,0.1024,0,Very High
118,0.8934,0.0,0.0015,0.0026,0.1024,0,Very High
119,0.8934,0.0,0.0015,0.0026,0.1024,0,Very High
120,0.8934,0.0,0.0015,0.0026,0.1024,0,Very High
121,0.3265,0.3475,0.2915,0.0,0.0346,0,Very Low
122,0.3265,0.3475,0.2915,0.0,0.0346,0,Very Low
123,0.8934,0.0,0.0015,0.0026,0.1024,0,Very High
124,0.3265,0.3475,0.2915,0.0,0.0346,0,Very Low
125,0.8934,0.0,0.0015,0.0026,0.1024,0,Very High
126,0.4695,0.3569,0.1285,0.0357,0.0094,0,Medium
127,0.8934,0.0,0.0015,0.0026,0.1024,0,Very High
128,0.3265,0.3475,0.2915,0.0,0.0346,0,Very Low
129,0.4695,0.3569,0.1285,0.0357,0.0094,0,Medium
130,0.4695,0.3569,0.1285,0.0357,0.0094,0,Medium
131,0.3265,0.3475,0.2915,0.0,0.0346,0,Very Low
132,0.4695,0.3569,0.1285,0.0357,0.0094,0,Medium
133,0.8934,0.0,0.0015,0.0026,0.1024,0,Very High
134,0.3265,0.3475,0.2915,0.0,0.0346,0,Very Low
135,0.8934,0.0,0.0015,0.0026,0.1024,0,Very High
136,0.3265,0.3475,0.2915,0.0,0.0346,0,Very Low
137,0.4695,0.3569,0.1285,0.0357,0.0094,0,Medium
138,0.8934,0.0,0.0015,0.0026,0.1024,0,Very High
139,0.3265,0.3475,0.2915,0.0,0.0346,0,Very Low
140,0.3265,0.3475,0.2915,0.0,0.0346,0,Very Low
141,0.8934,0.0,0.0015,0.0026,0.1024,0,Very High
142,0.3265,0.3475,0.2915,0.0,0.0346,0,Very Low
143,0.4695,0.3569,0.1285,0.0357,0.0094,0,Medium
144,0.8934,0.0,0.0015,0.0026,0.1024,0,Very High
145,0.3265,0.3475,0.2915,0.0,0.0346,0,Very Low
146,0.8934,0.0,0.0015,0.0026,0.1024,0,Very High
147,0.3265,0.3475,0.2915,0.0,0.0346,0,Very Low
148,0.8934,0.0,0.0015,0.0026,0.1024,0,Very High
149,0.8934,0.0,0.0015,0.0026,0.1024,0,Very High
150,0.8934,0.0,0.0015,0.0026,0.1024,0,Very High
151,0.8934,0.0,0.0015,0.0026,0.1024,0,Very High
152,0.3265,0.3475,0.2915,0.0,0.0346,0,Very Low
153,0.8934,0.0,0.0015,0.0026,0.1024,0,Very High
154,0.3265,0.3475,0.2915,0.0,0.0346,0,Very Low
155,0.3265,0.3475,0.2915,0.0,0.0346,0,Very Low
156,0.8934,0.0,0.0015,0.0026,0.1024,0,Very High
157,0.4695,0.3569,0.1285,0.0357,0.0094,0,Medium
158,0.3265,0.3475,0.2915,0.0,0.0346,0,Very Low
159,0.8934,0.0,0.0015,0.0026,0.1024,0,Very High
160,0.4695,0.3569,0.1285,0.0357,0.0094,0,Medium
161,0.3265,0.3475,0.2915,0.0,0.0346,0,Very Low
162,0.8934,0.0,0.0015,0.0026,0.1024,0,Very High
163,0.3265,0.3475,0.2915,0.0,0.0346,0,Very Low
164,0.3265,0.3475,0.2915,0.0,0.0346,0,Very Low
165,0.3265,0.3475,0.2915,0.0,0.0346,0,Very Low
166,0.3265,0.3475,0.2915,0.0,0.0346,0,Very Low
167,0.4695,0.3569,0.1285,0.0357,0.0094,0,Medium
168,0.8934,0.0,0.0015,0.0026,0.1024,0,Very High
169,0.4695,0.3569,0.1285,0.0357,0.0094,0,Medium
170,0.8934,0.0,0.0015,0.0026,0.1024,0,Very High
171,0.8934,0.0,0.0015,0.0026,0.1024,0,Very High
172,0.3265,0.3475,0.2915,0.0,0.0346,0,Very Low
173,0.3265,0.3475,0.2915,0.0,0.0346,0,Very Low
174,0.3265,0.3475,0.2915,0.0,0.0346,0,Very Low
175,0.8934,0.0,0.0015,0.0026,0.1024,0,Very High
176,0.3265,0.3475,0.2915,0.0,0.0346,0,Very Low
177,0.8934,0.0,0.0015,0.0026,0.1024,0,Very High
178,0.3265,0.3475,0.2915,0.0,0.0346,0,Very Low
179,0.8934,0.0,0.0015,0.0026,0.1024,0,Very High
180,0.3265,0.3475,0.2915,0.0,0.0346,0,Very Low
181,0.3265,0.3475,0.2915,0.0,0.0346,0,Very Low
182,0.8934,0.0,0.0015,0.0026,0.1024,0,Very High
183,0.3265,0.3475,0.2915,0.0,0.0346,0,Very Low
184,0.3265,0.3475,0.2915,0.0,0.0346,0,Very Low
185,0.8934,0.0,0.0015,0.0026,0.1024,0,Very High
186,0.8934,0.0,0.0015,0.0026,0.1024,0,Very High
187,0.8934,0.0,0.0015,0.0026,0.1024,0,Very High
188,0.3265,0.3475,0.2915,0.0,0.0346,0,Very Low
189,0.3265,0.3475,0.2915,0.0,0.0346,0,Very Low
190,0.4695,0.3569,0.1285,0.0357,0.0094,0,Medium
191,0.3265,0.3475,0.2915,0.0,0.0346,0,Very Low
192,0.8934,0.0,0.0015,0.0026,0.1024,0,Very High
193,0.8934,0.0,0.0015,0.0026,0.1024,0,Very High
194,0.4695,0.3569,0.1285,0.0357,0.0094,0,Medium
195,0.3265,0.3475,0.2915,0.0,0.0346,0,Very Low
196,0.3265,0.3475,0.2915,0.0,0.0346,0,Very Low
197,0.3265,0.3475,0.2915,0.0,0.0346,0,Very Low
198,0.8934,0.0,0.0015,0.0026,0.1024,0,Very High
199,0.4695,0.3569,0.1285,0.0357,0.0094,0,Medium
200,0.8934,0.0,0.0015,0.0026,0.1024,0,Very High
201,0.4695,0.3569,0.1285,0.0357,0.0094,0,Medium
202,0.8934,0.0,0.0015,0.0026,0.1024,0,Very High
203,0.8934,0.0,0.0015,0.0026,0.1024,0,Very High
204,0.8934,0.0,0.0015,0.0026,0.1024,0,Very High
205,0.8934,0.0,0.0015,0.0026,0.1024,0,Very High
206,0.3265,0.3475,0.2915,0.0,0.0346,0,Very Low
207,0.4695,0.3569,0.1285,0.0357,0.0094,0,Medium
208,0.4695,0.3569,0.1285,0.0357,0.0094,0,Medium
209,0.8934,0.0,0.0015,0.0026,0.1024,0,Very High
210,0.4695,0.3569,0.1285,0.0357,0.0094,0,Medium
211,0.4695,0.3569,0.1285,0.0357,0.0094,0,Medium
212,0.3265,0.3475,0.2915,0.0,0.0346,0,Very Low
213,0.8934,0.0,0.0015,0.0026,0.1024,0,Very High
214,0.8934,0.0,0.0015,0.0026,0.1024,0,Very High
215,0.4695,0.3569,0.1285,0.0357,0.0094,0,Medium
216,0.3265,0.3475,0.2915,0.0,0.0346,0,Very Low
217,0.8934,0.0,0.0015,0.0026,0.1024,0,Very High
218,0.8934,0.0,0.0015,0.0026,0.1024,0,Very High
219,0.3265,0.3475,0.2915,0.0,0.0346,0,Very Low
220,0.8934,0.0,0.0015,0.0026,0.1024,0,Very High
221,0.3265,0.3475,0.2915,0.0,0.0346,0,Very Low
222,0.3265,0.3475,0.2915,0.0,0.0346,0,Very Low
223,0.3265,0.3475,0.2915,0.0,0.0346,0,Very Low
224,0.3265,0.3475,0.2915,0.0,0.0346,0,Very Low
225,0.3265,0.3475,0.2915,0.0,0.0346,0,Very Low
226,0.8934,0.0,0.0015,0.0026,0.1024,0,Very High
227,0.3265,0.3475,0.2915,0.0,0.0346,0,Very Low
228,0.3265,0.3475,0.2915,0.0,0.0346,0,Very Low
229,0.8934,0.0,0.0015,0.0026,0.1024,0,Very High
230,0.3265,0.3475,0.2915,0.0,0.0346,0,Very Low
231,0.8934,0.0,0.0015,0.0026,0.1024,0,Very High
232,0.4695,0.3569,0.1285,0.0357,0.0094,0,Medium
233,0.8934,0.0,0.0015,0.0026,0.1024,0,Very High
234,0.8934,0.0,0.0015,0.0026,0.1024,0,Very High
235,0.8934,0.0,0.0015,0.0026,0.1024,0,Very High
236,0.4695,0.3569,0.1285,0.0357,0.0094,0,Medium
237,0.8934,0.0,0.0015,0.0026,0.1024,0,Very High
238,0.3265,0.3475,0.2915,0.0,0.0346,0,Very Low
239,0.3265,0.3475,0.2915,0.0,0.0346,0,Very Low
240,0.3265,0.3475,0.2915,0.0,0.0346,0,Very Low
241,0.4695,0.3569,0.1285,0.0357,0.0094,0,Medium
242,0.8934,0.0,0.0015,0.0026,0.1024,0,Very High
243,0.3265,0.3475,0.2915,0.0,0.0346,0,Very Low
244,0.4695,0.3569,0.1285,0.0357,0.0094,0,Medium
245,0.3265,0.3475,0.2915,0.0,0.0346,0,Very Low
246,0.3265,0.3475,0.2915,0.0,0.0346,0,Very Low
247,0.4695,0.3569,0.1285,0.0357,0.0094,0,Medium
248,0.4695,0.3569,0.1285,0.0357,0.0094,0,Medium
249,0.8934,0.0,0.0015,0.0026,0.1024,0,Very High
250,0.8934,0.0,0.0015,0.0026,0.1024,0,Very High
251,0.3265,0.3475,0.2915,0.0,0.0346,0,Very Low
252,0.8934,0.0,0.0015,0.0026,0.1024,0,Very High
253,0.8934,0.0,0.0015,0.0026,0.1024,0,Very High
254,0.3265,0.3475,0.2915,0.0,0.0346,0,Very Low
255,0.3265,0.3475,0.2915,0.0,0.0346,0,Very Low
256,0.3265,0.3475,0.2915,0.0,0.0346,0,Very Low
257,0.8934,0.0,0.0015,0.0026,0.1024,0,Very High
258,0.4695,0.3569,0.1285,0.0357,0.0094,0,Medium
259,0.3265,0.3475,0.2915,0.0,0.0346,0,Very Low
260,0.3265,0.3475,0.2915,0.0,0.0346,0,Very Low
261,0.3265,0.3475,0.2915,0.0,0.0346,0,Very Low
262,0.3265,0.3475,0.2915,0.0,0.0346,0,Very Low
263,0.3265,0.3475,0.2915,0.0,0.0346,0,Very Low
264,0.8934,0.0,0.0015,0.0026,0.1024,0,Very High
265,0.4695,0.3569,0.1285,0.0357,0.0094,0,Medium
266,0.3265,0.3475,0.2915,0.0,0.0346,0,Very Low
267,0.8934,0.0,0.0015,0.0026,0.1024,0,Very High
268,0.4695,0.3569,0.1285,0.0357,0.0094,0,Medium
269,0.8934,0.0,0.0015,0.0026,0.1024,0,Very High
270,0.8934,0.0,0.0015,0.0026,0.1024,0,Very High
271,0.4695,0.3569,0.1285,0.0357,0.0094,0,Medium
272,0.3265,0.3475,0.2915,0.0,0.0346,0,Very Low
273,0.8934,0.0,0.0015,0.0026,0.1024,0,Very High
274,0.3265,0.3475,0.2915,0.0,0.0346,0,Very Low
275,0.4695,0.3569,0.1285,0.0357,0.0094,0,Medium
276,0.3265,0.3475,0.2915,0.0,0.0346,0,Very Low
277,0.8934,0.0,0.0015,0.0026,0.1024,0,Very High
278,0.8934,0.0,0.0015,0.0026,0.1024,0,Very High
279,0.8934,0.0,0.0015,0.0026,0.1024,0,Very High
280,0.8934,0.0,0.0015,0.0026,0.1024,0,Very High
281,0.8934,0.0,0.0015,0.0026,0.1024,0,Very High
282,0.3265,0.3475,0.2915,0.0,0.0346,0,Very Low
283,0.3265,0.3475,0.2915,0.0,0.0346,0,Very Low
284,0.3265,0.3475,0.2915,0.0,0.0346,0,Very Low
285,0.4695,0.3569,0.1285,0.0357,0.0094,0,Medium
286,0.3265,0.3475,0.2915,0.0,0.0346,0,Very Low
287,0.4695,0.3569,0.1285,0.0357,0.0094,0,Medium
288,0.8934,0.0,0.0015,0.0026,0.1024,0,Very High
289,0.8934,0.0,0.0015,0.0026,0.1024,0,Very High
290,0.8934,0.0,0.0015,0.0026,0.1024,0,Very High
291,0.8934,0.0,0.0015,0.0026,0.1024,0,Very High
292,0.8934,0.0,0.0015,0.0026,0.1024,0,Very High
293,0.8934,0.0,0.0015,0.0026,0.1024,0,Very High
294,0.4695,0.3569,0.1285,0.0357,0.0094,0,Medium
295,0.8934,0.0,0.0015,0.0026,0.1024,0,Very High
296,0.8934,0.0,0.0015,0.0026,0.1024,0,Very High
297,0.4695,0.3569,0.1285,0.0357,0.0094,0,Medium
298,0.8934,0.0,0.0015,0.0026,0.1024,0,Very High
299,0.8934,0.0,0.0015,0.0026,0.1024,0,Very High
300,0.3265,0.3475,0.2915,0.0,0.0346,0,Very Low
301,0.3265,0.3475,0.2915,0.0,0.0346,0,Very Low
302,0.8934,0.0,0.0015,0.0026,0.1024,0,Very High
303,0.8934,0.0,0.0015,0.0026,0.1024,0,Very High
304,0.8934,0.0,0.0015,0.0026,0.1024,0,Very High
305,0.3265,0.3475,0.2915,0.0,0.0346,0,Very Low
306,0.8934,0.0,0.0015,0.0026,0.1024,0,Very High
307,0.8934,0.0,0.0015,0.0026,0.1024,0,Very High
308,0.8934,0.0,0.0015,0.0026,0.1024,0,Very High
309,0.8934,0.0,0.0015,0.0026,0.1024,0,Very High
310,0.3265,0.3475,0.2915,0.0,0.0346,0,Very Low
311,0.3265,0.3475,0.2915,0.0,0.0346,0,Very Low
312,0.3265,0.3475,0.2915,0.0,0.0346,0,Very Low
313,0.8934,0.0,0.0015,0.0026,0.1024,0,Very High
314,0.8934,0.0,0.0015,0.0026,0.1024,0,Very High
315,0.3265,0.3475,0.2915,0.0,0.0346,0,Very Low
316,0.8934,0.0,0.0015,0.0026,0.1024,0,Very High
317,0.3265,0.3475,0.2915,0.0,0.0346,0,Very Low
318,0.8934,0.0,0.0015,0.0026,0.1024,0,Very High
319,0.4695,0.3569,0.1285,0.0357,0.0094,0,Medium
320,0.8934,0.0,0.0015,0.0026,0.1024,0,Very High
321,0.3265,0.3475,0.2915,0.0,0.0346,0,Very Low
322,0.8934,0.0,0.0015,0.0026,0.1024,0,Very High
323,0.8934,0.0,0.0015,0.0026,0.1024,0,Very High
324,0.8934,0.0,0.0015,0.0026,0.1024,0,Very High
325,0.3265,0.3475,0.2915,0.0,0.0346,0,Very Low
326,0.4695,0.3569,0.1285,0.0357,0.0094,0,Medium
327,0.4695,0.3569,0.1285,0.0357,0.0094,0,Medium
328,0.8934,0.0,0.0015,0.0026,0.1024,0,Very High
329,0.3265,0.3475,0.2915,0.0,0.0346,0,Very Low
330,0.4695,0.3569,0.1285,0.0357,0.0094,0,Medium
331,0.3265,0.3475,0.2915,0.0,0.0346,0,Very Low
332,0.3265,0.3475,0.2915,0.0,0.0346,0,Very Low
333,0.8934,0.0,0.0015,0.0026,0.1024,0,Very High
334,0.8934,0.0,0.0015,0.0026,0.1024,0,Very High
335,0.3265,0.3475,0.2915,0.0,0.0346,0,Very Low
336,0.8934,0.0,0.0015,0.0026,0.1024,0,Very High
337,0.8934,0.0,0.0015,0.0026,0.1024,0,Very High
338,0.8934,0.0,0.0015,0.0026,0.1024,0,Very High
339,0.4695,0.3569,0.1285,0.0357,0.0094,0,Medium
340,0.4695,0.3569,0.1285,0.0357,0.0094,0,Medium
341,0.3265,0.3475,0.2915,0.0,0.0346,0,Very Low
342,0.3265,0.3475,0.2915,0.0,0.0346,0,Very Low
343,0.3265,0.3475,0.2915,0.0,0.0346,0,Very Low
344,0.8934,0.0,0.0015,0.0026,0.1024,0,Very High
345,0.8934,0.0,0.0015,0.0026,0.1024,0,Very High
346,0.8934,0.0,0.0015,0.0026,0.1024,0,Very High
347,0.4695,0.3569,0.1285,0.0357,0.0094,0,Medium
348,0.4695,0.3569,0.1285,0.0357,0.0094,0,Medium
349,0.3265,0.3475,0.2915,0.0,0.0346,0,Very Low
350,0.8934,0.0,0.0015,0.0026,0.1024,0,Very High
351,0.8934,0.0,0.0015,0.0026,0.1024,0,Very High
352,0.4695,0.3569,0.1285,0.0357,0.0094,0,Medium
353,0.4695,0.3569,0.1285,0.0357,0.0094,0,Medium
354,0.8934,0.0,0.0015,0.0026,0.1024,0,Very High
355,0.4695,0.3569,0.1285,0.0357,0.0094,0,Medium
356,0.3265,0.3475,0.2915,0.0,0.0346,0,Very Low
357,0.4695,0.3569,0.1285,0.0357,0.0094,0,Medium
358,0.4695,0.3569,0.1285,0.0357,0.0094,0,Medium
359,0.3265,0.3475,0.2915,0.0,0.0346,0,Very Low
360,0.8934,0.0,0.0015,0.0026,0.1024,0,Very High
361,0.3265,0.3475,0.2915,0.0,0.0346,0,Very Low
362,0.3265,0.3475,0.2915,0.0,0.0346,0,Very Low
363,0.4695,0.3569,0.1285,0.0357,0.0094,0,Medium
364,0.3265,0.3475,0.2915,0.0,0.0346,0,Very Low
365,0.3265,0.3475,0.2915,0.0,0.0346,0,Very Low
366,0.8934,0.0,0.0015,0.0026,0.1024,0,Very High
367,0.4695,0.3569,0.1285,0.0357,0.0094,0,Medium
368,0.8934,0.0,0.0015,0.0026,0.1024,0,Very High
369,0.3265,0.3475,0.2915,0.0,0.0346,0,Very Low
370,0.4695,0.3569,0.1285,0.0357,0.0094,0,Medium
371,0.3265,0.3475,0.2915,0.0,0.0346,0,Very Low
372,0.8934,0.0,0.0015,0.0026,0.1024,0,Very High
373,0.8934,0.0,0.0015,0.0026,0.1024,0,Very High
374,0.8934,0.0,0.0015,0.0026,0.1024,0,Very High
375,0.8934,0.0,0.0015,0.0026,0.1024,0,Very High
376,0.3265,0.3475,0.2915,0.0,0.0346,0,Very Low
377,0.8934,0.0,0.0015,0.0026,0.1024,0,Very High
378,0.4695,0.3569,0.1285,0.0357,0.0094,0,Medium
379,0.3265,0.3475,0.2915,0.0,0.0346,0,Very Low
380,0.3265,0.3475,0.2915,0.0,0.0346,0,Very Low
381,0.3265,0.3475,0.2915,0.0,0.0346,0,Very Low
382,0.3265,0.3475,0.2915,0.0,0.0346,0,Very Low
383,0.8934,0.0,0.0015,0.0026,0.1024,0,Very High
384,0.4695,0.3569,0.1285,0.0357,0.0094,0,Medium
385,0.8934,0.0,0.0015,0.0026,0.1024,0,Very High
386,0.4695,0.3569,0.1285,0.0357,0.0094,0,Medium
387,0.8934,0.0,0.0015,0.0026,0.1024,0,Very High
388,0.8934,0.0,0.0015,0.0026,0.1024,0,Very High
389,0.3265,0.3475,0.2915,0.0,0.0346,0,Very Low
390,0.8934,0.0,0.0015,0.0026,0.1024,0,Very High
391,0.8934,0.0,0.0015,0.0026,0.1024,0,Very High
392,0.8934,0.0,0.0015,0.0026,0.1024,0,Very High
393,0.8934,0.0,0.0015,0.0026,0.1024,0,Very High
394,0.3265,0.3475,0.2915,0.0,0.0346,0,Very Low
395,0.3265,0.3475,0.2915,0.0,0.0346,0,Very Low
396,0.4695,0.3569,0.1285,0.0357,0.0094,0,Medium
397,0.3265,0.3475,0.2915,0.0,0.0346,0,Very Low
398,0.8934,0.0,0.0015,0.0026,0.1024,0,Very High
399,0.8934,0.0,0.0015,0.0026,0.1024,0,Very High
400,0.3265,0.3475,0.2915,0.0,0.0346,0,Very Low
401,0.3265,0.3475,0.2915,0.0,0.0346,0,Very Low
402,0.8934,0.0,0.0015,0.0026,0.1024,0,Very High
403,0.4695,0.3569,0.1285,0.0357,0.0094,0,Medium
404,0.3265,0.3475,0.2915,0.0,0.0346,0,Very Low
405,0.3265,0.3475,0.2915,0.0,0.0346,0,Very Low
406,0.8934,0.0,0.0015,0.0026,0.1024,0,Very High
407,0.8934,0.0,0.0015,0.0026,0.1024,0,Very High
408,0.8934,0.0,0.0015,0.0026,0.1024,0,Very High
409,0.8934,0.0,0.0015,0.0026,0.1024,0,Very High
410,0.8934,0.0,0.0015,0.0026,0.1024,0,Very High
411,0.4695,0.3569,0.1285,0.0357,0.0094,0,Medium
412,0.4695,0.3569,0.1285,0.0357,0.0094,0,Medium
413,0.8934,0.0,0.0015,0.0026,0.1024,0,Very High
414,0.3265,0.3475,0.2915,0.0,0.0346,0,Very Low
415,0.3265,0.3475,0.2915,0.0,0.0346,0,Very Low
416,0.3265,0.3475,0.2915,0.0,0.0346,0,Very Low
417,0.3265,0.3475,0.2915,0.0,0.0346,0,Very Low
418,0.8934,0.0,0.0015,0.0026,0.1024,0,Very High
419,0.8934,0.0,0.0015,0.0026,0.1024,0,Very High
420,0.4695,0.3569,0.1285,0.0357,0.0094,0,Medium
421,0.4695,0.3569,0.1285,0.0357,0.0094,0,Medium
422,0.4695,0.3569,0.1285,0.0357,0.0094,0,Medium
423,0.8934,0.0,0.0015,0.0026,0.1024,0,Very High
424,0.3265,0.3475,0.2915,0.0,0.0346,0,Very Low
425,0.3265,0.3475,0.2915,0.0,0.0346,0,Very Low
426,0.8934,0.0,0.0015,0.0026,0.1024,0,Very High
427,0.3265,0.3475,0.2915,0.0,0.0346,0,Very Low
428,0.4695,0.3569,0.1285,0.0357,0.0094,0,Medium
429,0.3265,0.3475,0.2915,0.0,0.0346,0,Very Low
430,0.3265,0.3475,0.2915,0.0,0.0346,0,Very Low
431,0.3265,0.3475,0.2915,0.0,0.0346,0,Very Low
432,0.3265,0.3475,0.2915,0.0,0.0346,0,Very Low
433,0.4695,0.3569,0.1285,0.0357,0.0094,0,Medium
434,0.4695,0.3569,0.1285,0.0357,0.0094,0,Medium
435,0.3265,0.3475,0.2915,0.0,0.0346,0,Very Low
436,0.8934,0.0,0.0015,0.0026,0.1024,0,Very High
437,0.4695,0.3569,0.1285,0.0357,0.0094,0,Medium
438,0.3265,0.3475,0.2915,0.0,0.0346,0,Very Low
439,0.4695,0.3569,0.1285,0.0357,0.0094,0,Medium
440,0.3265,0.3475,0.2915,0.0,0.0346,0,Very Low
441,0.4695,0.3569,0.1285,0.0357,0.0094,0,Medium
442,0.8934,0.0,0.0015,0.0026,0.1024,0,Very High
443,0.4695,0.3569,0.1285,0.0357,0.0094,0,Medium
444,0.8934,0.0,0.0015,0.0026,0.1024,0,Very High
445,0.4695,0.3569,0.1285,0.0357,0.0094,0,Medium
446,0.4695,0.3569,0.1285,0.0357,0.0094,0,Medium
447,0.4695,0.3569,0.1285,0.0357,0.0094,0,Medium
448,0.4695,0.3569,0.1285,0.0357,0.0094,0,Medium
449,0.8934,0.0,0.0015,0.0026,0.1024,0,Very High
450,0.8934,0.0,0.0015,0.0026,0.1024,0,Very High
451,0.8934,0.0,0.0015,0.0026,0.1024,0,Very High
452,0.8934,0.0,0.0015,0.0026,0.1024,0,Very High
453,0.4695,0.3569,0.1285,0.0357,0.0094,0,Medium
454,0.8934,0.0,0.0015,0.0026,0.1024,0,Very High
455,0.3265,0.3475,0.2915,0.0,0.0346,0,Very Low
456,0.8934,0.0,0.0015,0.0026,0.1024,0,Very High
457,0.4695,0.3569,0.1285,0.0357,0.0094,0,Medium
458,0.8934,0.0,0.0015,0.0026,0.1024,0,Very High
459,0.8934,0.0,0.0015,0.0026,0.1024,0,Very High
460,0.3265,0.3475,0.2915,0.0,0.0346,0,Very Low
461,0.8934,0.0,0.0015,0.0026,0.1024,0,Very High
462,0.8934,0.0,0.0015,0.0026,0.1024,0,Very High
463,0.4695,0.3569,0.1285,0.0357,0.0094,0,Medium
464,0.3265,0.3475,0.2915,0.0,0.0346,0,Very Low
465,0.8934,0.0,0.0015,0.0026,0.1024,0,Very High
466,0.3265,0.3475,0.2915,0.0,0.0346,0,Very Low
467,0.8934,0.0,0.0015,0.0026,0.1024,0,Very High
468,0.8934,0.0,0.0015,0.0026,0.1024,0,Very High
469,0.4695,0.3569,0.1285,0.0357,0.0094,0,Medium
470,0.3265,0.3475,0.2915,0.0,0.0346,0,Very Low
471,0.4695,0.3569,0.1285,0.0357,0.0094,0,Medium
472,0.4695,0.3569,0.1285,0.0357,0.0094,0,Medium
473,0.3265,0.3475,0.2915,0.0,0.0346,0,Very Low
474,0.3265,0.3475,0.2915,0.0,0.0346,0,Very Low
475,0.3265,0.3475,0.2915,0.0,0.0346,0,Very Low
476,0.4695,0.3569,0.1285,0.0357,0.0094,0,Medium
477,0.8934,0.0,0.0015,0.0026,0.1024,0,Very High
478,0.8934,0.0,0.0015,0.0026,0.1024,0,Very High
479,0.4695,0.3569,0.1285,0.0357,0.0094,0,Medium
480,0.4695,0.3569,0.1285,0.0357,0.0094,0,Medium
481,0.8934,0.0,0.0015,0.0026,0.1024,0,Very High
482,0.4695,0.3569,0.1285,0.0357,0.0094,0,Medium
483,0.3265,0.3475,0.2915,0.0,0.0346,0,Very Low
484,0.8934,0.0,0.0015,0.0026,0.1024,0,Very High
485,0.4695,0.3569,0.1285,0.0357,0.0094,0,Medium
486,0.4695,0.3569,0.1285,0.0357,0.0094,0,Medium
487,0.4695,0.3569,0.1285,0.0357,0.0094,0,Medium
488,0.8934,0.0,0.0015,0.0026,0.1024,0,Very High
489,0.3265,0.3475,0.2915,0.0,0.0346,0,Very Low
490,0.3265,0.3475,0.2915,0.0,0.0346,0,Very Low
491,0.8934,0.0,0.0015,0.0026,0.1024,0,Very High
492,0.3265,0.3475,0.2915,0.0,0.0346,0,Very Low
493,0.8934,0.0,0.0015,0.0026,0.1024,0,Very High
494,0.3265,0.3475,0.2915,0.0,0.0346,0,Very Low
495,0.8934,0.0,0.0015,0.0026,0.1024,0,Very High
496,0.3265,0.3475,0.2915,0.0,0.0346,0,Very Low
497,0.8934,0.0,0.0015,0.0026,0.1024,0,Very High
498,0.4695,0.3569,0.1285,0.0357,0.0094,0,Medium
499,0.3265,0.3475,0.2915,0.0,0.0346,0,Very Low
500,0.8934,0.0,0.0015,0.0026,0.1024,0,Very High
501,0.4695,0.3569,0.1285,0.0357,0.0094,0,Medium
502,0.8934,0.0,0.0015,0.0026,0.1024,0,Very High
503,0.3265,0.3475,0.2915,0.0,0.0346,0,Very Low
504,0.4695,0.3569,0.1285,0.0357,0.0094,0,Medium
505,0.3265,0.3475,0.2915,0.0,0.0346,0,Very Low
506,0.4695,0.3569,0.1285,0.0357,0.0094,0,Medium
507,0.4695,0.3569,0.1285,0.0357,0.0094,0,Medium
508,0.4695,0.3569,0.1285,0.0357,0.0094,0,Medium
509,0.8934,0.0,0.0015,0.0026,0.1024,0,Very High
510,0.4695,0.3569,0.1285,0.0357,0.0094,0,Medium
511,0.4695,0.3569,0.1285,0.0357,0.0094,0,Medium
512,0.3265,0.3475,0.2915,0.0,0.0346,0,Very Low
513,0.8934,0.0,0.0015,0.0026,0.1024,0,Very High
514,0.8934,0.0,0.0015,0.0026,0.1024,0,Very High
515,0.8934,0.0,0.0015,0.0026,0.1024,0,Very High
516,0.8934,0.0,0.0015,0.0026,0.1024,0,Very High
517,0.8934,0.0,0.0015,0.0026,0.1024,0,Very High
518,0.3265,0.3475,0.2915,0.0,0.0346,0,Very Low
519,0.4695,0.3569,0.1285,0.0357,0.0094,0,Medium
520,0.8934,0.0,0.0015,0.0026,0.1024,0,Very High
521,0.8934,0.0,0.0015,0.0026,0.1024,0,Very High
522,0.4695,0.3569,0.1285,0.0357,0.0094,0,Medium
523,0.4695,0.3569,0.1285,0.0357,0.0094,0,Medium
524,0.4695,0.3569,0.1285,0.0357,0.0094,0,Medium
525,0.3265,0.3475,0.2915,0.0,0.0346,0,Very Low
526,0.4695,0.3569,0.1285,0.0357,0.0094,0,Medium
527,0.4695,0.3569,0.1285,0.0357,0.0094,0,Medium
528,0.8934,0.0,0.0015,0.0026,0.1024,0,Very High
529,0.4695,0.3569,0.1285,0.0357,0.0094,0,Medium
530,0.8934,0.0,0.0015,0.0026,0.1024,0,Very High
531,0.3265,0.3475,0.2915,0.0,0.0346,0,Very Low
532,0.8934,0.0,0.0015,0.0026,0.1024,0,Very High
533,0.4695,0.3569,0.1285,0.0357,0.0094,0,Medium
534,0.3265,0.3475,0.2915,0.0,0.0346,0,Very Low
535,0.4695,0.3569,0.1285,0.0357,0.0094,0,Medium
536,0.4695,0.3569,0.1285,0.0357,0.0094,0,Medium
537,0.4695,0.3569,0.1285,0.0357,0.0094,0,Medium
538,0.8934,0.0,0.0015,0.0026,0.1024,0,Very High
539,0.3265,0.3475,0.2915,0.0,0.0346,0,Very Low
540,0.3265,0.3475,0.2915,0.0,0.0346,0,Very Low
541,0.8934,0.0,0.0015,0.0026,0.1024,0,Very High
542,0.8934,0.0,0.0015,0.0026,0.1024,0,Very High
543,0.3265,0.3475,0.2915,0.0,0.0346,0,Very Low
544,0.3265,0.3475,0.2915,0.0,0.0346,0,Very Low
545,0.3265,0.3475,0.2915,0.0,0.0346,0,Very Low
546,0.8934,0.0,0.0015,0.0026,0.1024,0,Very High
547,0.8934,0.0,0.0015,0.0026,0.1024,0,Very High
548,0.3265,0.3475,0.2915,0.0,0.0346,0,Very Low
549,0.8934,0.0,0.0015,0.0026,0.1024,0,Very High
550,0.4695,0.3569,0.1285,0.0357,0.0094,0,Medium
551,0.8934,0.0,0.0015,0.0026,0.1024,0,Very High
552,0.8934,0.0,0.0015,0.0026,0.1024,0,Very High
553,0.8934,0.0,0.0015,0.0026,0.1024,0,Very High
554,0.8934,0.0,0.0015,0.0026,0.1024,0,Very High
555,0.8934,0.0,0.0015,0.0026,0.1024,0,Very High
556,0.8934,0.0,0.0015,0.0026,0.1024,0,Very High
557,0.8934,0.0,0.0015,0.0026,0.1024,0,Very High
558,0.3265,0.3475,0.2915,0.0,0.0346,0,Very Low
559,0.3265,0.3475,0.2915,0.0,0.0346,0,Very Low
560,0.3265,0.3475,0.2915,0.0,0.0346,0,Very Low
561,0.8934,0.0,0.0015,0.0026,0.1024,0,Very High
562,0.8934,0.0,0.0015,0.0026,0.1024,0,Very High
563,0.8934,0.0,0.0015,0.0026,0.1024,0,Very High
564,0.8934,0.0,0.0015,0.0026,0.1024,0,Very High
565,0.4695,0.3569,0.1285,0.0357,0.0094,0,Medium
566,0.4695,0.3569,0.1285,0.0357,0.0094,0,Medium
567,0.4695,0.3569,0.1285,0.0357,0.0094,0,Medium
568,0.8934,0.0,0.0015,0.0026,0.1024,0,Very High
569,0.3265,0.3475,0.2915,0.0,0.0346,0,Very Low
570,0.4695,0.3569,0.1285,0.0357,0.0094,0,Medium
571,0.4695,0.3569,0.1285,0.0357,0.0094,0,Medium
572,0.3265,0.3475,0.2915,0.0,0.0346,0,Very Low
573,0.3265,0.3475,0.2915,0.0,0.0346,0,Very Low
574,0.3265,0.3475,0.2915,0.0,0.0346,0,Very Low
575,0.8934,0.0,0.0015,0.0026,0.1024,0,Very High
576,0.8934,0.0,0.0015,0.0026,0.1024,0,Very High
577,0.8934,0.0,0.0015,0.0026,0.1024,0,Very High
578,0.8934,0.0,0.0015,0.0026,0.1024,0,Very High
579,0.8934,0.0,0.0015,0.0026,0.1024,0,Very High
580,0.4695,0.3569,0.1285,0.0357,0.0094,0,Medium
581,0.3265,0.3475,0.2915,0.0,0.0346,0,Very Low
582,0.8934,0.0,0.0015,0.0026,0.1024,0,Very High
583,0.3265,0.3475,0.2915,0.0,0.0346,0,Very Low
584,0.3265,0.3475,0.2915,0.0,0.0346,0,Very Low
585,0.4695,0.3569,0.1285,0.0357,0.0094,0,Medium
586,0.3265,0.3475,0.2915,0.0,0.0346,0,Very Low
587,0.4695,0.3569,0.1285,0.0357,0.0094,0,Medium
588,0.8934,0.0,0.0015,0.0026,0.1024,0,Very High
589,0.8934,0.0,0.0015,0.0026,0.1024,0,Very High
590,0.8934,0.0,0.0015,0.0026,0.1024,0,Very High
591,0.3265,0.3475,0.2915,0.0,0.0346,0,Very Low
592,0.8934,0.0,0.0015,0.0026,0.1024,0,Very High
593,0.3265,0.3475,0.2915,0.0,0.0346,0,Very Low
594,0.3265,0.3475,0.2915,0.0,0.0346,0,Very Low
595,0.8934,0.0,0.0015,0.0026,0.1024,0,Very High
596,0.4695,0.3569,0.1285,0.0357,0.0094,0,Medium
597,0.3265,0.3475,0.2915,0.0,0.0346,0,Very Low
598,0.3265,0.3475,0.2915,0.0,0.0346,0,Very Low
599,0.4695,0.3569,0.1285,0.0357,0.0094,0,Medium
600,0.4695,0.3569,0.1285,0.0357,0.0094,0,Medium
601,0.3265,0.3475,0.2915,0.0,0.0346,0,Very Low
602,0.3265,0.3475,0.2915,0.0,0.0346,0,Very Low
603,0.4695,0.3569,0.1285,0.0357,0.0094,0,Medium
604,0.4695,0.3569,0.1285,0.0357,0.0094,0,Medium
605,0.8934,0.0,0.0015,0.0026,0.1024,0,Very High
606,0.8934,0.0,0.0015,0.0026,0.1024,0,Very High
607,0.8934,0.0,0.0015,0.0026,0.1024,0,Very High
608,0.4695,0.3569,0.1285,0.0357,0.0094,0,Medium
609,0.3265,0.3475,0.2915,0.0,0.0346,0,Very Low
610,0.3265,0.3475,0.2915,0.0,0.0346,0,Very Low
611,0.8934,0.0,0.0015,0.0026,0.1024,0,Very High
612,0.4695,0.3569,0.1285,0.0357,0.0094,0,Medium
613,0.4695,0.3569,0.1285,0.0357,0.0094,0,Medium
614,0.8934,0.0,0.0015,0.0026,0.1024,0,Very High
615,0.8934,0.0,0.0015,0.0026,0.1024,0,Very High
616,0.8934,0.0,0.0015,0.0026,0.1024,0,Very High
617,0.4695,0.3569,0.1285,0.0357,0.0094,0,Medium
618,0.8934,0.0,0.0015,0.0026,0.1024,0,Very High
619,0.3265,0.3475,0.2915,0.0,0.0346,0,Very Low
620,0.8934,0.0,0.0015,0.0026,0.1024,0,Very High
621,0.8934,0.0,0.0015,0.0026,0.1024,0,Very High
622,0.8934,0.0,0.0015,0.0026,0.1024,0,Very High
623,0.8934,0.0,0.0015,0.0026,0.1024,0,Very High
624,0.8934,0.0,0.0015,0.0026,0.1024,0,Very High
625,0.4695,0.3569,0.1285,0.0357,0.0094,0,Medium
626,0.3265,0.3475,0.2915,0.0,0.0346,0,Very Low
627,0.4695,0.3569,0.1285,0.0357,0.0094,0,Medium
628,0.8934,0.0,0.0015,0.0026,0.1024,0,Very High
629,0.8934,0.0,0.0015,0.0026,0.1024,0,Very High
630,0.3265,0.3475,0.2915,0.0,0.0346,0,Very Low
631,0.8934,0.0,0.0015,0.0026,0.1024,0,Very High
632,0.3265,0.3475,0.2915,0.0,0.0346,0,Very Low
633,0.8934,0.0,0.0015,0.0026,0.1024,0,Very High
634,0.8934,0.0,0.0015,0.0026,0.1024,0,Very High
635,0.8934,0.0,0.0015,0.0026,0.1024,0,Very High
636,0.3265,0.3475,0.2915,0.0,0.0346,0,Very Low
637,0.8934,0.0,0.0015,0.0026,0.1024,0,Very High
638,0.8934,0.0,0.0015,0.0026,0.1024,0,Very High
639,0.8934,0.0,0.0015,0.0026,0.1024,0,Very High
640,0.8934,0.0,0.0015,0.0026,0.1024,0,Very High
641,0.3265,0.3475,0.2915,0.0,0.0346,0,Very Low
642,0.8934,0.0,0.0015,0.0026,0.1024,0,Very High
643,0.4695,0.3569,0.1285,0.0357,0.0094,0,Medium
644,0.4695,0.3569,0.1285,0.0357,0.0094,0,Medium
645,0.4695,0.3569,0.1285,0.0357,0.0094,0,Medium
646,0.8934,0.0,0.0015,0.0026,0.1024,0,Very High
647,0.8934,0.0,0.0015,0.0026,0.1024,0,Very High
648,0.3265,0.3475,0.2915,0.0,0.0346,0,Very Low
649,0.8934,0.0,0.0015,0.0026,0.1024,0,Very High
650,0.4695,0.3569,0.1285,0.0357,0.0094,0,Medium
651,0.4695,0.3569,0.1285,0.0357,0.0094,0,Medium
652,0.8934,0.0,0.0015,0.0026,0.1024,0,Very High
653,0.8934,0.0,0.0015,0.0026,0.1024,0,Very High
654,0.8934,0.0,0.0015,0.0026,0.1024,0,Very High
655,0.3265,0.3475,0.2915,0.0,0.0346,0,Very Low
656,0.8934,0.0,0.0015,0.0026,0.1024,0,Very High
657,0.3265,0.3475,0.2915,0.0,0.0346,0,Very Low
658,0.8934,0.0,0.0015,0.0026,0.1024,0,Very High
659,0.8934,0.0,0.0015,0.0026,0.1024,0,Very High
660,0.4695,0.3569,0.1285,0.0357,0.0094,0,Medium
661,0.8934,0.0,0.0015,0.0026,0.1024,0,Very High
662,0.3265,0.3475,0.2915,0.0,0.0346,0,Very Low
663,0.3265,0.3475,0.2915,0.0,0.0346,0,Very Low
664,0.4695,0.3569,0.1285,0.0357,0.0094,0,Medium
665,0.8934,0.0,0.0015,0.0026,0.1024,0,Very High
666,0.4695,0.3569,0.1285,0.0357,0.0094,0,Medium
667,0.8934,0.0,0.0015,0.0026,0.1024,0,Very High
668,0.8934,0.0,0.0015,0.0026,0.1024,0,Very High
669,0.8934,0.0,0.0015,0.0026,0.1024,0,Very High
670,0.8934,0.0,0.0015,0.0026,0.1024,0,Very High
671,0.3265,0.3475,0.2915,0.0,0.0346,0,Very Low
672,0.8934,0.0,0.0015,0.0026,0.1024,0,Very High
673,0.8934,0.0,0.0015,0.0026,0.1024,0,Very High
674,0.8934,0.0,0.0015,0.0026,0.1024,0,Very High
675,0.8934,0.0,0.0015,0.0026,0.1024,0,Very High
676,0.3265,0.3475,0.2915,0.0,0.0346,0,Very Low
677,0.8934,0.0,0.0015,0.0026,0.1024,0,Very High
678,0.8934,0.0,0.0015,0.0026,0.1024,0,Very High
679,0.8934,0.0,0.0015,0.0026,0.1024,0,Very High
680,0.4695,0.3569,0.1285,0.0357,0.0094,0,Medium
681,0.8934,0.0,0.0015,0.0026,0.1024,0,Very High
682,0.3265,0.3475,0.2915,0.0,0.0346,0,Very Low
683,0.3265,0.3475,0.2915,0.0,0.0346,0,Very Low
684,0.4695,0.3569,0.1285,0.0357,0.0094,0,Medium
685,0.3265,0.3475,0.2915,0.0,0.0346,0,Very Low
686,0.8934,0.0,0.0015,0.0026,0.1024,0,Very High
687,0.8934,0.0,0.0015,0.0026,0.1024,0,Very High
688,0.8934,0.0,0.0015,0.0026,0.1024,0,Very High
689,0.4695,0.3569,0.1285,0.0357,0.0094,0,Medium
690,0.3265,0.3475,0.2915,0.0,0.0346,0,Very Low
691,0.3265,0.3475,0.2915,0.0,0.0346,0,Very Low
692,0.8934,0.0,0.0015,0.0026,0.1024,0,Very High
693,0.8934,0.0,0.0015,0.0026,0.1024,0,Very High
694,0.4695,0.3569,0.1285,0.0357,0.0094,0,Medium
695,0.8934,0.0,0.0015,0.0026,0.1024,0,Very High
696,0.4695,0.3569,0.1285,0.0357,0.0094,0,Medium
697,0.3265,0.3475,0.2915,0.0,0.0346,0,Very Low
698,0.8934,0.0,0.0015,0.0026,0.1024,0,Very High
699,0.8934,0.0,0.0015,0.0026,0.1024,0,Very High
700,0.3265,0.3475,0.2915,0.0,0.0346,0,Very Low
701,0.3265,0.3475,0.2915,0.0,0.0346,0,Very Low
702,0.8934,0.0,0.0015,0.0026,0.1024,0,Very High
703,0.3265,0.3475,0.2915,0.0,0.0346,0,Very Low
704,0.8934,0.0,0.0015,0.0026,0.1024,0,Very High
705,0.3265,0.3475,0.2915,0.0,0.0346,0,Very Low
706,0.4695,0.3569,0.1285,0.0357,0.0094,0,Medium
707,0.8934,0.0,0.0015,0.0026,0.1024,0,Very High
708,0.4695,0.3569,0.1285,0.0357,0.0094,0,Medium
709,0.3265,0.3475,0.2915,0.0,0.0346,0,Very Low
710,0.3265,0.3475,0.2915,0.0,0.0346,0,Very Low
711,0.3265,0.3475,0.2915,0.0,0.0346,0,Very Low
712,0.8934,0.0,0.0015,0.0026,0.1024,0,Very High
713,0.3265,0.3475,0.2915,0.0,0.0346,0,Very Low
714,0.3265,0.3475,0.2915,0.0,0.0346,0,Very Low
715,0.8934,0.0,0.0015,0.0026,0.1024,0,Very High
716,0.8934,0.0,0.0015,0.0026,0.1024,0,Very High
717,0.4695,0.3569,0.1285,0.0357,0.0094,0,Medium
718,0.8934,0.0,0.0015,0.0026,0.1024,0,Very High
719,0.8934,0.0,0.0015,0.0026,0.1024,0,Very High
720,0.3265,0.3475,0.2915,0.0,0.0346,0,Very Low
721,0.3265,0.3475,0.2915,0.0,0.0346,0,Very Low
722,0.4695,0.3569,0.1285,0.0357,0.0094,0,Medium
723,0.4695,0.3569,0.1285,0.0357,0.0094,0,Medium
724,0.4695,0.3569,0.1285,0.0357,0.0094,0,Medium
725,0.3265,0.3475,0.2915,0.0,0.0346,0,Very Low
726,0.8934,0.0,0.0015,0.0026,0.1024,0,Very High
727,0.8934,0.0,0.0015,0.0026,0.1024,0,Very High
728,0.8934,0.0,0.0015,0.0026,0.1024,0,Very High
729,0.4695,0.3569,0.1285,0.0357,0.0094,0,Medium
730,0.4695,0.3569,0.1285,0.0357,0.0094,0,Medium
731,0.4695,0.3569,0.1285,0.0357,0.0094,0,Medium
732,0.8934,0.0,0.0015,0.0026,0.1024,0,Very High
733,0.4695,0.3569,0.1285,0.0357,0.0094,0,Medium
734,0.3265,0.3475,0.2915,0.0,0.0346,0,Very Low
735,0.8934,0.0,0.0015,0.0026,0.1024,0,Very High
736,0.8934,0.0,0.0015,0.0026,0.1024,0,Very High
737,0.3265,0.3475,0.2915,0.0,0.0346,0,Very Low
738,0.3265,0.3475,0.2915,0.0,0.0346,0,Very Low
739,0.3265,0.3475,0.2915,0.0,0.0346,0,Very Low
740,0.8934,0.0,0.0015,0.0026,0.1024,0,Very High
741,0.3265,0.3475,0.2915,0.0,0.0346,0,Very Low
742,0.8934,0.0,0.0015,0.0026,0.1024,0,Very High
743,0.4695,0.3569,0.1285,0.0357,0.0094,0,Medium
744,0.4695,0.3569,0.1285,0.0357,0.0094,0,Medium
745,0.4695,0.3569,0.1285,0.0357,0.0094,0,Medium
746,0.8934,0.0,0.0015,0.0026,0.1024,0,Very High
747,0.3265,0.3475,0.2915,0.0,0.0346,0,Very Low
748,0.4695,0.3569,0.1285,0.0357,0.0094,0,Medium
749,0.8934,0.0,0.0015,0.0026,0.1024,0,Very High
750,0.8934,0.0,0.0015,0.0026,0.1024,0,Very High
751,0.8934,0.0,0.0015,0.0026,0.1024,0,Very High
752,0.8934,0.0,0.0015,0.0026,0.1024,0,Very High
753,0.3265,0.3475,0.2915,0.0,0.0346,0,Very Low
754,0.4695,0.3569,0.1285,0.0357,0.0094,0,Medium
755,0.3265,0.3475,0.2915,0.0,0.0346,0,Very Low
756,0.8934,0.0,0.0015,0.0026,0.1024,0,Very High
757,0.3265,0.3475,0.2915,0.0,0.0346,0,Very Low
758,0.8934,0.0,0.0015,0.0026,0.1024,0,Very High
759,0.3265,0.3475,0.2915,0.0,0.0346,0,Very Low
760,0.3265,0.3475,0.2915,0.0,0.0346,0,Very Low
761,0.4695,0.3569,0.1285,0.0357,0.0094,0,Medium
762,0.3265,0.3475,0.2915,0.0,0.0346,0,Very Low
763,0.4695,0.3569,0.1285,0.0357,0.0094,0,Medium
764,0.8934,0.0,0.0015,0.0026,0.1024,0,Very High
765,0.3265,0.3475,0.2915,0.0,0.0346,0,Very Low
766,0.8934,0.0,0.0015,0.0026,0.1024,0,Very High
767,0.8934,0.0,0.0015,0.0026,0.1024,0,Very High
768,0.8934,0.0,0.0015,0.0026,0.1024,0,Very High
769,0.3265,0.3475,0.2915,0.0,0.0346,0,Very Low
770,0.4695,0.3569,0.1285,0.0357,0.0094,0,Medium
771,0.4695,0.3569,0.1285,0.0357,0.0094,0,Medium
772,0.3265,0.3475,0.2915,0.0,0.0346,0,Very Low
773,0.3265,0.3475,0.2915,0.0,0.0346,0,Very Low
774,0.3265,0.3475,0.2915,0.0,0.0346,0,Very Low
775,0.3265,0.3475,0.2915,0.0,0.0346,0,Very Low
776,0.8934,0.0,0.0015,0.0026,0.1024,0,Very High
777,0.3265,0.3475,0.2915,0.0,0.0346,0,Very Low
778,0.8934,0.0,0.0015,0.0026,0.1024,0,Very High
779,0.8934,0.0,0.0015,0.0026,0.1024,0,Very High
780,0.3265,0.3475,0.2915,0.0,0.0346,0,Very Low
781,0.8934,0.0,0.0015,0.0026,0.1024,0,Very High
782,0.3265,0.3475,0.2915,0.0,0.0346,0,Very Low
783,0.8934,0.0,0.0015,0.0026,0.1024,0,Very High
784,0.8934,0.0,0.0015,0.0026,0.1024,0,Very High
785,0.3265,0.3475,0.2915,0.0,0.0346,0,Very Low
786,0.4695,0.3569,0.1285,0.0357,0.0094,0,Medium
787,0.4695,0.3569,0.1285,0.0357,0.0094,0,Medium
788,0.8934,0.0,0.0015,0.0026,0.1024,0,Very High
789,0.8934,0.0,0.0015,0.0026,0.1024,0,Very High
790,0.3265,0.3475,0.2915,0.0,0.0346,0,Very Low
791,0.3265,0.3475,0.2915,0.0,0.0346,0,Very Low
792,0.4695,0.3569,0.1285,0.0357,0.0094,0,Medium
793,0.3265,0.3475,0.2915,0.0,0.0346,0,Very Low
794,0.8934,0.0,0.0015,0.0026,0.1024,0,Very High
795,0.8934,0.0,0.0015,0.0026,0.1024,0,Very High
796,0.4695,0.3569,0.1285,0.0357,0.0094,0,Medium
797,0.4695,0.3569,0.1285,0.0357,0.0094,0,Medium
798,0.8934,0.0,0.0015,0.0026,0.1024,0,Very High
799,0.8934,0.0,0.0015,0.0026,0.1024,0,Very High
800,0.3265,0.3475,0.2915,0.0,0.0346,0,Very Low
801,0.4695,0.3569,0.1285,0.0357,0.0094,0,Medium
802,0.3265,0.3475,0.2915,0.0,0.0346,0,Very Low
803,0.8934,0.0,0.0015,0.0026,0.1024,0,Very High
804,0.4695,0.3569,0.1285,0.0357,0.0094,0,Medium
805,0.3265,0.3475,0.2915,0.0,0.0346,0,Very Low
806,0.4695,0.3569,0.1285,0.0357,0.0094,0,Medium
807,0.4695,0.3569,0.1285,0.0357,0.0094,0,Medium
808,0.4695,0.3569,0.1285,0.0357,0.0094,0,Medium
809,0.8934,0.0,0.0015,0.0026,0.1024,0,Very High
810,0.3265,0.3475,0.2915,0.0,0.0346,0,Very Low
811,0.4695,0.3569,0.1285,0.0357,0.0094,0,Medium
812,0.8934,0.0,0.0015,0.0026,0.1024,0,Very High
813,0.4695,0.3569,0.1285,0.0357,0.0094,0,Medium
814,0.8934,0.0,0.0015,0.0026,0.1024,0,Very High
815,0.3265,0.3475,0.2915,0.0,0.0346,0,Very Low
816,0.4695,0.3569,0.1285,0.0357,0.0094,0,Medium
817,0.8934,0.0,0.0015,0.0026,0.1024,0,Very High
818,0.4695,0.3569,0.1285,0.0357,0.0094,0,Medium
819,0.8934,0.0,0.0015,0.0026,0.1024,0,Very High
820,0.8934,0.0,0.0015,0.0026,0.1024,0,Very High
821,0.3265,0.3475,0.2915,0.0,0.0346,0,Very Low
822,0.3265,0.3475,0.2915,0.0,0.0346,0,Very Low
823,0.3265,0.3475,0.2915,0.0,0.0346,0,Very Low
824,0.8934,0.0,0.0015,0.0026,0.1024,0,Very High
825,0.8934,0.0,0.0015,0.0026,0.1024,0,Very High
826,0.3265,0.3475,0.2915,0.0,0.0346,0,Very Low
827,0.8934,0.0,0.0015,0.0026,0.1024,0,Very High
828,0.4695,0.3569,0.1285,0.0357,0.0094,0,Medium
829,0.4695,0.3569,0.1285,0.0357,0.0094,0,Medium
830,0.8934,0.0,0.0015,0.0026,0.1024,0,Very High
831,0.8934,0.0,0.0015,0.0026,0.1024,0,Very High
832,0.3265,0.3475,0.2915,0.0,0.0346,0,Very Low
833,0.3265,0.3475,0.2915,0.0,0.0346,0,Very Low
834,0.4695,0.3569,0.1285,0.0357,0.0094,0,Medium
835,0.4695,0.3569,0.1285,0.0357,0.0094,0,Medium
836,0.4695,0.3569,0.1285,0.0357,0.0094,0,Medium
837,0.8934,0.0,0.0015,0.0026,0.1024,0,Very High
838,0.4695,0.3569,0.1285,0.0357,0.0094,0,Medium
839,0.8934,0.0,0.0015,0.0026,0.1024,0,Very High
840,0.3265,0.3475,0.2915,0.0,0.0346,0,Very Low
841,0.3265,0.3475,0.2915,0.0,0.0346,0,Very Low
842,0.8934,0.0,0.0015,0.0026,0.1024,0,Very High
843,0.3265,0.3475,0.2915,0.0,0.0346,0,Very Low
844,0.8934,0.0,0.0015,0.0026,0.1024,0,Very High
845,0.3265,0.3475,0.2915,0.0,0.0346,0,Very Low
846,0.8934,0.0,0.0015,0.0026,0.1024,0,Very High
847,0.4695,0.3569,0.1285,0.0357,0.0094,0,Medium
848,0.8934,0.0,0.0015,0.0026,0.1024,0,Very High
849,0.3265,0.3475,0.2915,0.0,0.0346,0,Very Low
850,0.3265,0.3475,0.2915,0.0,0.0346,0,Very Low
851,0.3265,0.3475,0.2915,0.0,0.0346,0,Very Low
852,0.3265,0.3475,0.2915,0.0,0.0346,0,Very Low
853,0.3265,0.3475,0.2915,0.0,0.0346,0,Very Low
854,0.3265,0.3475,0.2915,0.0,0.0346,0,Very Low
855,0.4695,0.3569,0.1285,0.0357,0.0094,0,Medium
856,0.3265,0.3475,0.2915,0.0,0.0346,0,Very Low
857,0.8934,0.0,0.0015,0.0026,0.1024,0,Very High
858,0.8934,0.0,0.0015,0.0026,0.1024,0,Very High
859,0.8934,0.0,0.0015,0.0026,0.1024,0,Very High
860,0.4695,0.3569,0.1285,0.0357,0.0094,0,Medium
861,0.3265,0.3475,0.2915,0.0,0.0346,0,Very Low
862,0.8934,0.0,0.0015,0.0026,0.1024,0,Very High
863,0.8934,0.0,0.0015,0.0026,0.1024,0,Very High
864,0.8934,0.0,0.0015,0.0026,0.1024,0,Very High
865,0.8934,0.0,0.0015,0.0026,0.1024,0,Very High
866,0.3265,0.3475,0.2915,0.0,0.0346,0,Very Low
867,0.8934,0.0,0.0015,0.0026,0.1024,0,Very High
868,0.3265,0.3475,0.2915,0.0,0.0346,0,Very Low
869,0.8934,0.0,0.0015,0.0026,0.1024,0,Very High
870,0.3265,0.3475,0.2915,0.0,0.0346,0,Very Low
871,0.8934,0.0,0.0015,0.0026,0.1024,0,Very High
872,0.8934,0.0,0.0015,0.0026,0.1024,0,Very High
873,0.4695,0.3569,0.1285,0.0357,0.0094,0,Medium
874,0.3265,0.3475,0.2915,0.0,0.0346,0,Very Low
875,0.3265,0.3475,0.2915,0.0,0.0346,0,Very Low
876,0.4695,0.3569,0.1285,0.0357,0.0094,0,Medium
877,0.3265,0.3475,0.2915,0.0,0.0346,0,Very Low
878,0.8934,0.0,0.0015,0.0026,0.1024,0,Very High
879,0.8934,0.0,0.0015,0.0026,0.1024,0,Very High
880,0.8934,0.0,0.0015,0.0026,0.1024,0,Very High
881,0.8934,0.0,0.0015,0.0026,0.1024,0,Very High
882,0.3265,0.3475,0.2915,0.0,0.0346,0,Very Low
883,0.8934,0.0,0.0015,0.0026,0.1024,0,Very High
884,0.4695,0.3569,0.1285,0.0357,0.0094,0,Medium
885,0.8934,0.0,0.0015,0.0026,0.1024,0,Very High
886,0.3265,0.3475,0.2915,0.0,0.0346,0,Very Low
887,0.3265,0.3475,0.2915,0.0,0.0346,0,Very Low
888,0.3265,0.3475,0.2915,0.0,0.0346,0,Very Low
889,0.8934,0.0,0.0015,0.0026,0.1024,0,Very High
890,0.8934,0.0,0.0015,0.0026,0.1024,0,Very High
891,0.3265,0.3475,0.2915,0.0,0.0346,0,Very Low
892,0.3265,0.3475,0.2915,0.0,0.0346,0,Very Low
893,0.3265,0.3475,0.2915,0.0,0.0346,0,Very Low
894,0.4695,0.3569,0.1285,0.0357,0.0094,0,Medium
895,0.4695,0.3569,0.1285,0.0357,0.0094,0,Medium
896,0.3265,0.3475,0.2915,0.0,0.0346,0,Very Low
897,0.8934,0.0,0.0015,0.0026,0.1024,0,Very High
898,0.3265,0.3475,0.2915,0.0,0.0346,0,Very Low
899,0.8934,0.0,0.0015,0.0026,0.1024,0,Very High
900,0.3265,0.3475,0.2915,0.0,0.0346,0,Very Low
901,0.3265,0.3475,0.2915,0.0,0.0346,0,Very Low
902,0.8934,0.0,0.0015,0.0026,0.1024,0,Very High
903,0.3265,0.3475,0.2915,0.0,0.0346,0,Very Low
904,0.8934,0.0,0.0015,0.0026,0.1024,0,Very High
905,0.8934,0.0,0.0015,0.0026,0.1024,0,Very High
906,0.4695,0.3569,0.1285,0.0357,0.0094,0,Medium
907,0.8934,0.0,0.0015,0.0026,0.1024,0,Very High
908,0.4695,0.3569,0.1285,0.0357,0.0094,0,Medium
909,0.8934,0.0,0.0015,0.0026,0.1024,0,Very High
910,0.3265,0.3475,0.2915,0.0,0.0346,0,Very Low
911,0.4695,0.3569,0.1285,0.0357,0.0094,0,Medium
912,0.8934,0.0,0.0015,0.0026,0.1024,0,Very High
913,0.4695,0.3569,0.1285,0.0357,0.0094,0,Medium
914,0.4695,0.3569,0.1285,0.0357,0.0094,0,Medium
915,0.3265,0.3475,0.2915,0.0,0.0346,0,Very Low
916,0.4695,0.3569,0.1285,0.0357,0.0094,0,Medium
917,0.3265,0.3475,0.2915,0.0,0.0346,0,Very Low
918,0.8934,0.0,0.0015,0.0026,0.1024,0,Very High
919,0.4695,0.3569,0.1285,0.0357,0.0094,0,Medium
920,0.8934,0.0,0.0015,0.0026,0.1024,0,Very High
921,0.8934,0.0,0.0015,0.0026,0.1024,0,Very High
922,0.4695,0.3569,0.1285,0.0357,0.0094,0,Medium
923,0.8934,0.0,0.0015,0.0026,0.1024,0,Very High
924,0.3265,0.3475,0.2915,0.0,0.0346,0,Very Low
925,0.8934,0.0,0.0015,0.0026,0.1024,0,Very High
926,0.4695,0.3569,0.1285,0.0357,0.0094,0,Medium
927,0.8934,0.0,0.0015,0.0026,0.1024,0,Very High
928,0.8934,0.0,0.0015,0.0026,0.1024,0,Very High
929,0.8934,0.0,0.0015,0.0026,0.1024,0,Very High
930,0.3265,0.3475,0.2915,0.0,0.0346,0,Very Low
931,0.8934,0.0,0.0015,0.0026,0.1024,0,Very High
932,0.8934,0.0,0.0015,0.0026,0.1024,0,Very High
933,0.8934,0.0,0.0015,0.0026,0.1024,0,Very High
934,0.8934,0.0,0.0015,0.0026,0.1024,0,Very High
935,0.4695,0.3569,0.1285,0.0357,0.0094,0,Medium
936,0.8934,0.0,0.0015,0.0026,0.1024,0,Very High
937,0.4695,0.3569,0.1285,0.0357,0.0094,0,Medium
938,0.3265,0.3475,0.2915,0.0,0.0346,0,Very Low
939,0.4695,0.3569,0.1285,0.0357,0.0094,0,Medium
940,0.4695,0.3569,0.1285,0.0357,0.0094,0,Medium
941,0.8934,0.0,0.0015,0.0026,0.1024,0,Very High
942,0.8934,0.0,0.0015,0.0026,0.1024,0,Very High
943,0.4695,0.3569,0.1285,0.0357,0.0094,0,Medium
944,0.4695,0.3569,0.1285,0.0357,0.0094,0,Medium
945,0.8934,0.0,0.0015,0.0026,0.1024,0,Very High
946,0.8934,0.0,0.0015,0.0026,0.1024,0,Very High
947,0.3265,0.3475,0.2915,0.0,0.0346,0,Very Low
948,0.3265,0.3475,0.2915,0.0,0.0346,0,Very Low
949,0.3265,0.3475,0.2915,0.0,0.0346,0,Very Low
950,0.3265,0.3475,0.2915,0.0,0.0346,0,Very Low
951,0.8934,0.0,0.0015,0.0026,0.1024,0,Very High
952,0.3265,0.3475,0.2915,0.0,0.0346,0,Very Low
953,0.3265,0.3475,0.2915,0.0,0.0346,0,Very Low
954,0.3265,0.3475,0.2915,0.0,0.0346,0,Very Low
955,0.8934,0.0,0.0015,0.0026,0.1024,0,Very High
956,0.8934,0.0,0.0015,0.0026,0.1024,0,Very High
957,0.8934,0.0,0.0015,0.0026,0.1024,0,Very High
958,0.3265,0.3475,0.2915,0.0,0.0346,0,Very Low
959,0.8934,0.0,0.0015,0.0026,0.1024,0,Very High
960,0.8934,0.0,0.0015,0.0026,0.1024,0,Very High
961,0.3265,0.3475,0.2915,0.0,0.0346,0,Very Low
962,0.4695,0.3569,0.1285,0.0357,0.0094,0,Medium
963,0.4695,0.3569,0.1285,0.0357,0.0094,0,Medium
964,0.3265,0.3475,0.2915,0.0,0.0346,0,Very Low
965,0.3265,0.3475,0.2915,0.0,0.0346,0,Very Low
966,0.8934,0.0,0.0015,0.0026,0.1024,0,Very High
967,0.4695,0.3569,0.1285,0.0357,0.0094,0,Medium
968,0.8934,0.0,0.0015,0.0026,0.1024,0,Very High
969,0.8934,0.0,0.0015,0.0026,0.1024,0,Very High
970,0.3265,0.3475,0.2915,0.0,0.0346,0,Very Low
971,0.8934,0.0,0.0015,0.0026,0.1024,0,Very High
972,0.4695,0.3569,0.1285,0.0357,0.0094,0,Medium
973,0.4695,0.3569,0.1285,0.0357,0.0094,0,Medium
974,0.3265,0.3475,0.2915,0.0,0.0346,0,Very Low
975,0.8934,0.0,0.0015,0.0026,0.1024,0,Very High
976,0.4695,0.3569,0.1285,0.0357,0.0094,0,Medium
977,0.3265,0.3475,0.2915,0.0,0.0346,0,Very Low
978,0.8934,0.0,0.0015,0.0026,0.1024,0,Very High
979,0.3265,0.3475,0.2915,0.0,0.0346,0,Very Low
980,0.3265,0.3475,0.2915,0.0,0.0346,0,Very Low
981,0.3265,0.3475,0.2915,0.0,0.0346,0,Very Low
982,0.4695,0.3569,0.1285,0.0357,0.0094,0,Medium
983,0.8934,0.0,0.0015,0.0026,0.1024,0,Very High
984,0.8934,0.0,0.0015,0.0026,0.1024,0,Very High
985,0.8934,0.0,0.0015,0.0026,0.1024,0,Very High
986,0.3265,0.3475,0.2915,0.0,0.0346,0,Very Low
987,0.8934,0.0,0.0015,0.0026,0.1024,0,Very High
988,0.4695,0.3569,0.1285,0.0357,0.0094,0,Medium
989,0.8934,0.0,0.0015,0.0026,0.1024,0,Very High
990,0.4695,0.3569,0.1285,0.0357,0.0094,0,Medium
991,0.8934,0.0,0.0015,0.0026,0.1024,0,Very High
992,0.8934,0.0,0.0015,0.0026,0.1024,0,Very High
993,0.8934,0.0,0.0015,0.0026,0.1024,0,Very High
994,0.4695,0.3569,0.1285,0.0357,0.0094,0,Medium
995,0.3265,0.3475,0.2915,0.0,0.0346,0,Very Low
996,0.3265,0.3475,0.2915,0.0,0.0346,0,Very Low
997,0.4695,0.3569,0.1285,0.0357,0.0094,0,Medium
998,0.8934,0.0,0.0015,0.0026,0.1024,0,Very High
999,0.8934,0.0,0.0015,0.0026,0.1024,0,Very High
1000,0.4695,0.3569,0.1285,0.0357,0.0094,0,Medium
